cust_name,cust_mob,cust_email,cust_addr
Donovan,1-183-301-3018,sit.amet.massa@ipsumprimisin.edu,Hulste
Kane,905-3956,Nullam.vitae@atarcu.edu,Luton
Melvin,1-182-995-8931,fermentum.arcu.Vestibulum@DonecfringillaDonec.edu,Thisnes
Dexter,704-7543,Proin.vel@seddictum.edu,Cassano Spinola
Travis,1-789-718-2177,mi.pede.nonummy@nonmassanon.ca,Penzance
Joel,783-9901,tristique.pellentesque@atsem.co.uk,Wiekevorst
Zeus,1-142-209-9498,Nullam.enim.Sed@gravida.org,Saguenay
Graham,1-123-193-6130,sociis.natoque@idnunc.ca,Achalpur
Gage,464-5349,dui@Maurisvelturpis.edu,Cagnes-sur-Mer
Alan,1-507-382-8304,vitae.sodales.nisi@Curabitur.org,Châteauroux
Blake,1-811-762-4393,a.malesuada.id@nequeseddictum.com,Belmont
Baker,286-8009,adipiscing.Mauris@gravidamauris.com,Poitiers
Upton,445-0490,blandit@scelerisquelorem.org,Bolzano Vicentino
Sean,396-6328,ut.lacus.Nulla@Naminterdumenim.org,Dollard-des-Ormeaux
Wing,283-2849,Fusce.mi.lorem@IntegermollisInteger.co.uk,Rabbi
Seth,416-0441,sociis@mieleifendegestas.net,Santarcangelo di Romagna
Wayne,785-2557,vitae.posuere.at@Fusce.org,Seattle
Yoshio,576-2499,scelerisque@fringillaornare.ca,Castlegar
William,1-284-207-8841,lacinia@inconsectetueripsum.edu,Santa Croce sull'Arno
Seth,234-6384,Integer.vitae@sit.com,Cabras
Graiden,706-7615,Mauris@interdum.co.uk,Plancenoit
Nero,1-998-264-3714,porttitor.vulputate.posuere@sociosqu.com,Madison
Rashad,547-2205,arcu.Sed@nec.edu,Ergani
Nicholas,1-678-698-1900,sem@vel.net,Rocky View
Hunter,1-588-587-5499,Fusce@adlitoratorquent.com,Idaho Falls
Brennan,1-289-852-3546,ut.nulla@aenim.ca,Lamorteau
Fitzgerald,720-6823,sit.amet.metus@elitNullafacilisi.net,Paternopoli
Phelan,1-813-426-4200,Curabitur.ut.odio@ultrices.org,Potsdam
Jeremy,849-0179,a.sollicitudin.orci@dolorsit.org,Toulon
Cairo,334-0820,enim.Etiam@eratSednunc.ca,Meix-le-Tige
Giacomo,1-781-268-9094,posuere@dui.co.uk,Ceranesi
August,142-9654,laoreet.posuere@fringillaeuismodenim.com,Reutlingen
Hedley,1-824-854-2345,Pellentesque.tincidunt.tempus@lobortismaurisSuspendisse.org,Laramie
Ezekiel,1-652-623-7224,Proin.ultrices.Duis@Inscelerisque.net,Belém
Ross,762-9483,erat.vel@nonantebibendum.ca,Drancy
Brennan,554-8001,pede.Cum.sociis@posuere.co.uk,Shreveport
Aaron,131-9842,volutpat.ornare@tinciduntaliquamarcu.org,Casalbuono
Beck,589-3303,penatibus@lacusAliquamrutrum.co.uk,Pukekohe
Ferris,1-511-400-9494,magna@risus.co.uk,Meerut
Noble,974-2104,Nulla.eget.metus@sagittis.ca,Iowa City
Cedric,566-0851,venenatis@etmalesuada.co.uk,Juneau
Solomon,562-8789,rutrum.lorem@enimEtiam.ca,Bowling Green
Magee,845-7510,Suspendisse.commodo@laciniaat.edu,Hallaar
Raphael,1-332-405-5819,augue@acorci.org,Malegaon
Xenos,1-289-472-0470,lectus@in.co.uk,Macchia Valfortore
Cody,181-7151,ut@nislsem.com,Feilding
Jackson,1-875-604-3183,in.aliquet.lobortis@Nunc.net,Bowden
Moses,823-3301,mi.lacinia@etcommodo.edu,Fortaleza
Nicholas,957-4497,bibendum@etmagnisdis.com,Widooie
Wylie,1-308-512-3868,In.nec@acurna.edu,El Quisco
Slade,1-418-199-0044,odio@aarcuSed.net,Cowdenbeath
Demetrius,664-4254,ligula.Aliquam@arcuvel.org,Rewa
Francis,305-8014,non@facilisisloremtristique.com,Tezze sul Brenta
Mannix,1-539-271-4041,tincidunt@velquamdignissim.ca,Poitiers
Noble,1-789-148-5062,odio.Phasellus.at@Donecnon.com,Broxburn
Neil,363-1640,nec@sitametrisus.ca,Cap-Rouge
James,1-750-341-6710,dignissim.pharetra@eratnequenon.org,Sunshine Coast Regional District
Gregory,167-6729,diam.vel.arcu@mauriseu.co.uk,Perwez
Bevis,1-115-574-0809,velit.in@Mauris.co.uk,Borno
Travis,1-892-517-0646,nisi@amifringilla.co.uk,Beverlo
Kenyon,448-4181,lorem.eget@ornare.edu,Charlottetown
Octavius,1-468-984-1362,consectetuer.ipsum@Mauris.edu,Nemi
Travis,933-4169,Ut.tincidunt.vehicula@enim.edu,Savannah
Yoshio,1-351-379-4977,nulla.Integer.urna@penatibuset.org,Monticelli d'Ongina
Armand,526-1772,at@ultricessitamet.com,Barddhaman
Tucker,452-2711,cubilia@metus.net,Middlesbrough
Ahmed,255-6103,sit.amet@adipiscingelitAliquam.ca,Cochrane
Nicholas,766-7320,quis.diam@elit.org,Tulita
Wallace,288-0032,gravida@purusDuis.edu,Appleby
Avram,1-609-627-3553,Vivamus.rhoncus@orciDonec.co.uk,Ajax
Kadeem,1-477-677-5080,iaculis@risusIn.net,Matagami
Graham,1-144-815-8366,molestie.orci@maurisipsum.org,L'Hospitalet de Llobregat
Steel,298-4861,varius.orci@musProin.org,Kenosha
Wing,515-4357,volutpat.Nulla@eusemPellentesque.org,Bursa
Colin,745-7563,nec@commodo.com,Yerbas Buenas
Daquan,107-3651,urna@erategettincidunt.org,Chiusanico
Hayden,1-714-157-3762,dolor.egestas.rhoncus@risusa.co.uk,Minervino di Lecce
Blaze,1-332-771-3933,dapibus.rutrum.justo@Fusce.net,Saarlouis
Austin,211-9094,senectus@Etiamvestibulummassa.org,Madison
Nero,1-738-156-9514,at.libero.Morbi@a.co.uk,Puchuncaví
Harlan,651-2560,velit.Cras.lorem@fringillaDonec.com,Neumünster
Judah,1-524-766-3907,et.netus.et@sedsapienNunc.ca,Retford
Chancellor,950-0174,nec@feugiatLorem.ca,Rapone
Eric,660-2033,lobortis@dictum.net,Keswick
Dalton,709-4919,eros.non@sempertellus.org,Medicine Hat
Eagan,186-2772,Integer.eu.lacus@at.com,Worksop
Dale,1-864-680-8092,Suspendisse@eumetusIn.ca,Maasmechelen
Gabriel,1-451-912-5070,egestas.rhoncus.Proin@ipsumleoelementum.com,Scala Coeli
Cullen,190-5195,auctor@Donec.net,Giove
Erasmus,110-4823,Donec.feugiat.metus@risusvariusorci.org,Serramonacesca
Driscoll,100-9768,molestie@semper.org,Latronico
Steven,281-5684,augue.scelerisque.mollis@egestas.co.uk,Junagadh
Dylan,1-761-437-7066,arcu.Vestibulum@Nulla.net,Lewiston
Gil,1-828-370-2590,In.at.pede@enimSuspendissealiquet.net,Colmar
Dylan,712-2268,vel.quam.dignissim@tincidunt.net,Owen Sound
Barry,1-616-714-8043,nulla.Donec.non@elitpretiumet.com,Meerut Cantonment
Dean,389-5639,lorem.fringilla.ornare@vulputatemauris.net,Vergnies
Channing,561-2958,ipsum.dolor.sit@nectempusscelerisque.ca,Mersin
Mark,1-743-706-3119,metus@utpellentesqueeget.co.uk,Kozhikode
Elliott,1-956-826-5762,est.Nunc@estNunc.com,Gander
